股票代码,股票名称,分类标签
920002,万达轴承,自选股
920021,流金科技,自选股
920068,天工股份,自选股
920077,吉林碳谷,自选股
920179,凯德石英,自选股
920263,中航泰达,自选股
920371,欧福蛋业,自选股
920402,硅烷科技,自选股
920403,康农种业,自选股
920489,佳先股份,自选股
920522,纳科诺尔,自选股
920526,凯华材料,自选股
920639,晨光电缆,自选股
920706,铁拓机械,自选股
920770,艾能聚,自选股
920834,三维装备,自选股
920876,慧为智能,自选股
920981,晶赛科技,自选股
00291,华润啤酒,自选股
00941,中国移动,自选股
00981,中芯国际,自选股
01359,中国信达,自选股
01519,极兔速递-W,自选股
01788,国泰君安国际,自选股
01799,新特能源,自选股
01810,小米集团-W,自选股
01896,猫眼娱乐,自选股
01910,新秀丽,自选股
02357,中航科工,自选股
02382,舜宇光学科技,自选股
02507,西锐,自选股
03800,协鑫科技,自选股
06603,IFBH,自选股
09660,地平线机器人-W,自选股
09863,零跑汽车,自选股
09868,小鹏集团-W,自选股
SH511880,银华日利ETF,自选股
SH513180,恒生科技ETF华夏,自选股
SH561100,消费电子ETF富国,自选股
SH600023,浙能电力,自选股
SH600026,中远海能,自选股
SH600031,三一重工,自选股
SH600036,招商银行,自选股
SH600050,中国联通,自选股
SH600053,九鼎投资,自选股
SH600060,海信视像,自选股
SH600062,华润双鹤,自选股
SH600088,中视传媒,自选股
SH600089,特变电工,自选股
SH600095,湘财股份,自选股
SH600101,明星电力,自选股
SH600105,永鼎股份,自选股
SH600120,浙江东方,自选股
SH600123,兰花科创,自选股
SH600126,杭钢股份,自选股
SH600132,重庆啤酒,自选股
SH600150,中国船舶,自选股
SH600152,维科技术,自选股
SH600157,永泰能源,自选股
SH600167,联美控股,自选股
SH600172,黄河旋风,自选股
SH600184,光电股份,自选股
SH600185,珠免集团,自选股
SH600189,泉阳泉,自选股
SH600192,长城电工,自选股
SH600199,金种子酒,自选股
SH600219,南山铝业,自选股
SH600227,赤天化,自选股
SH600246,万通发展,自选股
SH600251,冠农股份,自选股
SH600259,中稀有色,自选股
SH600262,北方股份,自选股
SH600266,城建发展,自选股
SH600299,安迪苏,自选股
SH600301,华锡有色,自选股
SH600303,曙光股份,自选股
SH600305,恒顺醋业,自选股
SH600309,万华化学,自选股
SH600315,上海家化,自选股
SH600320,振华重工,自选股
SH600345,长江通信,自选股
SH600346,恒力石化,自选股
SH600348,华阳股份,自选股
SH600352,浙江龙盛,自选股
SH600363,联创光电,自选股
SH600366,宁波韵升,自选股
SH600392,盛和资源,自选股
SH600399,抚顺特钢,自选股
SH600416,湘电股份,自选股
SH600426,华鲁恒升,自选股
SH600435,北方导航,自选股
SH600438,通威股份,自选股
SH600439,瑞贝卡,自选股
SH600446,金证股份,自选股
SH600459,贵研铂业,自选股
SH600468,百利电气,自选股
SH600470,六国化工,自选股
SH600477,杭萧钢构,自选股
SH600478,科力远,自选股
SH600481,双良节能,自选股
SH600483,福能股份,自选股
SH600496,精工钢构,自选股
SH600497,驰宏锌锗,自选股
SH600498,烽火通信,自选股
SH600501,航天晨光,自选股
SH600507,方大特钢,自选股
SH600513,联环药业,自选股
SH600515,海南机场,自选股
SH600522,中天科技,自选股
SH600531,豫光金铅,自选股
SH600540,新赛股份,自选股
SH600545,卓郎智能,自选股
SH600546,山煤国际,自选股
SH600550,保变电气,自选股
SH600563,法拉电子,自选股
SH600578,京能电力,自选股
SH600580,卧龙电驱,自选股
SH600583,海油工程,自选股
SH600587,新华医疗,自选股
SH600589,大位科技,自选股
SH600590,泰豪科技,自选股
SH600592,龙溪股份,自选股
SH600596,新安股份,自选股
SH600597,光明乳业,自选股
SH600600,青岛啤酒,自选股
SH600602,云赛智联,自选股
SH600604,市北高新,自选股
SH600609,金杯汽车,自选股
SH600619,海立股份,自选股
SH600629,华建集团,自选股
SH600637,东方明珠,自选股
SH600643,爱建集团,自选股
SH600661,昂立教育,自选股
SH600664,哈药股份,自选股
SH600678,四川金顶,自选股
SH600682,南京新百,自选股
SH600691,潞化科技,自选股
SH600693,东百集团,自选股
SH600730,中国高科,自选股
SH600732,爱旭股份,自选股
SH600744,华银电力,自选股
SH600745,闻泰科技,自选股
SH600754,锦江酒店,自选股
SH600755,厦门国贸,自选股
SH600756,浪潮软件,自选股
SH600759,洲际油气,自选股
SH600764,中国海防,自选股
SH600785,新华百货,自选股
SH600792,云煤能源,自选股
SH600793,宜宾纸业,自选股
SH600794,保税科技,自选股
SH600817,宇通重工,自选股
SH600819,耀皮玻璃,自选股
SH600824,益民集团,自选股
SH600827,百联股份,自选股
SH600845,宝信软件,自选股
SH600848,上海临港,自选股
SH600850,电科数字,自选股
SH600855,航天长峰,自选股
SH600862,中航高科,自选股
SH600865,百大集团,自选股
SH600868,梅雁吉祥,自选股
SH600882,妙可蓝多,自选股
SH600884,杉杉股份,自选股
SH600888,新疆众和,自选股
SH600893,航发动力,自选股
SH600895,张江高科,自选股
SH600900,长江电力,自选股
SH600938,中国海油,自选股
SH600975,新五丰,自选股
SH600977,中国电影,自选股
SH600980,北矿科技,自选股
SH600984,建设机械,自选股
SH600986,浙文互联,自选股
SH600996,贵广网络,自选股
SH600999,招商证券,自选股
SH601007,金陵饭店,自选股
SH601008,连云港,自选股
SH601010,文峰股份,自选股
SH601012,隆基绿能,自选股
SH601015,陕西黑猫,自选股
SH601061,中信金属,自选股
SH601086,国芳集团,自选股
SH601099,太平洋,自选股
SH601100,恒立液压,自选股
SH601101,昊华能源,自选股
SH601108,财通证券,自选股
SH601111,中国国航,自选股
SH601133,柏诚股份,自选股
SH601211,国泰海通,自选股
SH601216,君正集团,自选股
SH601225,陕西煤业,自选股
SH601319,中国人保,自选股
SH601366,利群股份,自选股
SH601595,上海电影,自选股
SH601599,浙文影业,自选股
SH601600,中国铝业,自选股
SH601601,中国太保,自选股
SH601611,中国核建,自选股
SH601615,明阳智能,自选股
SH601619,嘉泽新能,自选股
SH601669,中国电建,自选股
SH601677,明泰铝业,自选股
SH601689,拓普集团,自选股
SH601717,中创智领,自选股
SH601727,上海电气,自选股
SH601778,晶科科技,自选股
SH601865,福莱特,自选股
SH601868,中国能建,自选股
SH601872,招商轮船,自选股
SH601888,中国中免,自选股
SH601898,中煤能源,自选股
SH601899,紫金矿业,自选股
SH601918,新集能源,自选股
SH601919,中远海控,自选股
SH601949,中国出版,自选股
SH601952,苏垦农发,自选股
SH601985,中国核电,自选股
SH601989,中国重工,自选股
SH603002,宏昌电子,自选股
SH603004,鼎龙科技,自选股
SH603005,晶方科技,自选股
SH603006,联明股份,自选股
SH603015,弘讯科技,自选股
SH603026,石大胜华,自选股
SH603041,美思德,自选股
SH603043,广州酒家,自选股
SH603045,福达合金,自选股
SH603052,可川科技,自选股
SH603058,永吉股份,自选股
SH603066,音飞储存,自选股
SH603069,海汽集团,自选股
SH603073,彩蝶实业,自选股
SH603078,江化微,自选股
SH603086,先达股份,自选股
SH603088,宁波精达,自选股
SH603093,南华期货,自选股
SH603123,翠微股份,自选股
SH603125,常青科技,自选股
SH603156,养元饮品,自选股
SH603175,超颖电子,自选股
SH603188,亚邦股份,自选股
SH603198,迎驾贡酒,自选股
SH603217,元利科技,自选股
SH603220,中贝通信,自选股
SH603232,格尔软件,自选股
SH603260,合盛硅业,自选股
SH603283,赛腾股份,自选股
SH603288,海天味业,自选股
SH603297,永新光学,自选股
SH603315,福鞍股份,自选股
SH603322,超讯通信,自选股
SH603325,博隆技术,自选股
SH603345,安井食品,自选股
SH603393,新天然气,自选股
SH603408,建霖家居,自选股
SH603421,鼎信通讯,自选股
SH603456,九洲药业,自选股
SH603477,巨星农牧,自选股
SH603519,立霸股份,自选股
SH603533,掌阅科技,自选股
SH603587,地素时尚,自选股
SH603588,高能环境,自选股
SH603590,康辰药业,自选股
SH603600,永艺股份,自选股
SH603601,再升科技,自选股
SH603606,东方电缆,自选股
SH603611,诺力股份,自选股
SH603629,利通电子,自选股
SH603650,彤程新材,自选股
SH603657,春光科技,自选股
SH603658,安图生物,自选股
SH603659,璞泰来,自选股
SH603667,五洲新春,自选股
SH603678,火炬电子,自选股
SH603690,至纯科技,自选股
SH603693,江苏新能,自选股
SH603698,航天工程,自选股
SH603725,天安新材,自选股
SH603728,鸣志电器,自选股
SH603733,仙鹤股份,自选股
SH603738,泰晶科技,自选股
SH603757,大元泵业,自选股
SH603787,新日股份,自选股
SH603799,华友钴业,自选股
SH603836,海程邦达,自选股
SH603871,嘉友国际,自选股
SH603876,鼎胜新材,自选股
SH603881,数据港,自选股
SH603882,金域医学,自选股
SH603888,新华网,自选股
SH603890,春秋电子,自选股
SH603897,长城科技,自选股
SH603903,中持股份,自选股
SH603920,世运电路,自选股
SH603929,亚翔集成,自选股
SH603938,三孚股份,自选股
SH603982,泉峰汽车,自选股
SH603991,至正股份,自选股
SH605005,合兴股份,自选股
SH605006,山东玻纤,自选股
SH605007,五洲特纸,自选股
SH605009,豪悦护理,自选股
SH605136,丽人丽妆,自选股
SH605177,东亚药业,自选股
SH605208,永茂泰,自选股
SH605388,均瑶健康,自选股
SH605398,新炬网络,自选股
SH605598,上海港湾,自选股
SH688006,杭可科技,自选股
SH688019,安集科技,自选股
SH688031,星环科技-U,自选股
SH688037,芯源微,自选股
SH688058,宝兰德,自选股
SH688069,德林海,自选股
SH688076,ST诺泰,自选股
SH688095,福昕软件,自选股
SH688099,晶晨股份,自选股
SH688110,东芯股份,自选股
SH688126,沪硅产业,自选股
SH688135,利扬芯片,自选股
SH688137,近岸蛋白,自选股
SH688152,麒麟信安,自选股
SH688158,优刻得-W,自选股
SH688160,步科股份,自选股
SH688180,君实生物-U,自选股
SH688208,道通科技,自选股
SH688223,晶科能源,自选股
SH688231,隆达股份,自选股
SH688248,南网科技,自选股
SH688280,精进电动-UW,自选股
SH688303,大全能源,自选股
SH688305,科德数控,自选股
SH688306,均普智能,自选股
SH688320,禾川科技,自选股
SH688327,云从科技-UW,自选股
SH688356,键凯科技,自选股
SH688365,光云科技,自选股
SH688484,南芯科技,自选股
SH688486,龙迅股份,自选股
SH688499,利元亨,自选股
SH688507,索辰科技,自选股
SH688513,苑东生物,自选股
SH688523,航天环宇,自选股
SH688525,佰维存储,自选股
SH688533,上声电子,自选股
SH688561,奇安信-U,自选股
SH688599,天合光能,自选股
SH688619,罗普特,自选股
SH688630,芯碁微装,自选股
SH688662,富信科技,自选股
SH688667,菱电电控,自选股
SH688670,金迪克,自选股
SH688676,金盘科技,自选股
SH688679,通源环境,自选股
SH688696,极米科技,自选股
SH688709,成都华微,自选股
SH688727,恒坤新材,自选股
SH688733,壹石通,自选股
SH688757,胜科纳米,自选股
SH688768,容知日新,自选股
SH688789,宏华数科,自选股
SH689009,九号公司-WD,自选股
SQQQ,纳斯达克100三倍做空,自选股
SZ000006,深振业Ａ,自选股
SZ000021,深科技,自选股
SZ000025,特  力Ａ,自选股
SZ000027,深圳能源,自选股
SZ000039,中集集团,自选股
SZ000048,京基智农,自选股
SZ000049,德赛电池,自选股
SZ000060,中金岭南,自选股
SZ000065,北方国际,自选股
SZ000066,中国长城,自选股
SZ000090,天健集团,自选股
SZ000099,中信海直,自选股
SZ000333,美的集团,自选股
SZ000400,许继电气,自选股
SZ000409,云鼎科技,自选股
SZ000420,吉林化纤,自选股
SZ000514,渝 开 发,自选股
SZ000519,中兵红箭,自选股
SZ000523,红棉股份,自选股
SZ000539,粤电力Ａ,自选股
SZ000545,金浦钛业,自选股
SZ000547,航天发展,自选股
SZ000560,我爱我家,自选股
SZ000566,海南海药,自选股
SZ000581,威孚高科,自选股
SZ000591,太阳能,自选股
SZ000601,韶能股份,自选股
SZ000610,西安旅游,自选股
SZ000617,中油资本,自选股
SZ000633,合金投资,自选股
SZ000636,风华高科,自选股
SZ000661,长春高新,自选股
SZ000676,智度股份,自选股
SZ000695,滨海能源,自选股
SZ000712,锦龙股份,自选股
SZ000713,国投丰乐,自选股
SZ000722,湖南发展,自选股
SZ000725,京东方Ａ,自选股
SZ000733,振华科技,自选股
SZ000737,北方铜业,自选股
SZ000738,航发控制,自选股
SZ000750,国海证券,自选股
SZ000756,新华制药,自选股
SZ000792,盐湖股份,自选股
SZ000797,中国武夷,自选股
SZ000801,四川九洲,自选股
SZ000807,云铝股份,自选股
SZ000811,冰轮环境,自选股
SZ000825,太钢不锈,自选股
SZ000826,启迪环境,自选股
SZ000859,国风新材,自选股
SZ000862,银星能源,自选股
SZ000886,海南高速,自选股
SZ000901,航天科技,自选股
SZ000905,厦门港务,自选股
SZ000912,泸天化,自选股
SZ000922,佳电股份,自选股
SZ000928,中钢国际,自选股
SZ000949,新乡化纤,自选股
SZ000958,电投产融,自选股
SZ000960,锡业股份,自选股
SZ000969,安泰科技,自选股
SZ000970,中科三环,自选股
SZ000977,浪潮信息,自选股
SZ000981,山子高科,自选股
SZ000988,华工科技,自选股
SZ000993,闽东电力,自选股
SZ001206,依依股份,自选股
SZ001212,中旗新材,自选股
SZ001217,华尔泰,自选股
SZ001283,豪鹏科技,自选股
SZ001299,美能能源,自选股
SZ001317,三羊马,自选股
SZ001318,阳光乳业,自选股
SZ001330,博纳影业,自选股
SZ001335,信凯科技,自选股
SZ001338,永顺泰,自选股
SZ001382,新亚电缆,自选股
SZ001872,招商港口,自选股
SZ001896,豫能控股,自选股
SZ001979,招商蛇口,自选股
SZ002001,新 和 成,自选股
SZ002010,传化智联,自选股
SZ002011,盾安环境,自选股
SZ002015,协鑫能科,自选股
SZ002025,航天电器,自选股
SZ002031,巨轮智能,自选股
SZ002032,苏 泊 尔,自选股
SZ002033,丽江股份,自选股
SZ002036,联创电子,自选股
SZ002040,南 京 港,自选股
SZ002041,登海种业,自选股
SZ002057,中钢天源,自选股
SZ002059,云南旅游,自选股
SZ002067,景兴纸业,自选股
SZ002074,国轩高科,自选股
SZ002077,大港股份,自选股
SZ002080,中材科技,自选股
SZ002086,东方海洋,自选股
SZ002091,江苏国泰,自选股
SZ002112,三变科技,自选股
SZ002126,银轮股份,自选股
SZ002127,南极电商,自选股
SZ002128,电投能源,自选股
SZ002129,TCL中环,自选股
SZ002131,利欧股份,自选股
SZ002132,恒星科技,自选股
SZ002136,安 纳 达,自选股
SZ002140,东华科技,自选股
SZ002145,钛能化学,自选股
SZ002149,西部材料,自选股
SZ002150,正泰电源,自选股
SZ002156,通富微电,自选股
SZ002157,正邦科技,自选股
SZ002165,红 宝 丽,自选股
SZ002166,莱茵生物,自选股
SZ002167,东方锆业,自选股
SZ002171,楚江新材,自选股
SZ002176,江特电机,自选股
SZ002177,御银股份,自选股
SZ002189,中光学,自选股
SZ002201,九鼎新材,自选股
SZ002202,金风科技,自选股
SZ002208,合肥城建,自选股
SZ002213,大为股份,自选股
SZ002215,诺 普 信,自选股
SZ002217,合力泰,自选股
SZ002218,拓日新能,自选股
SZ002227,奥 特 迅,自选股
SZ002229,鸿博股份,自选股
SZ002232,启明信息,自选股
SZ002241,歌尔股份,自选股
SZ002243,力合科创,自选股
SZ002246,北化股份,自选股
SZ002251,步步高,自选股
SZ002258,利尔化学,自选股
SZ002261,拓维信息,自选股
SZ002264,新 华 都,自选股
SZ002266,浙富控股,自选股
SZ002274,华昌化工,自选股
SZ002292,奥飞娱乐,自选股
SZ002299,圣农发展,自选股
SZ002312,川发龙蟒,自选股
SZ002318,久立特材,自选股
SZ002330,得利斯,自选股
SZ002333,罗普斯金,自选股
SZ002337,赛象科技,自选股
SZ002338,奥普光电,自选股
SZ002340,格林美,自选股
SZ002343,慈文传媒,自选股
SZ002352,顺丰控股,自选股
SZ002354,天娱数科,自选股
SZ002361,神剑股份,自选股
SZ002362,汉王科技,自选股
SZ002364,中恒电气,自选股
SZ002373,千方科技,自选股
SZ002381,双箭股份,自选股
SZ002389,航天彩虹,自选股
SZ002395,双象股份,自选股
SZ002403,爱仕达,自选股
SZ002406,远东传动,自选股
SZ002409,雅克科技,自选股
SZ002418,康盛股份,自选股
SZ002428,云南锗业,自选股
SZ002430,杭氧股份,自选股
SZ002432,九安医疗,自选股
SZ002438,江苏神通,自选股
SZ002443,金洲管道,自选股
SZ002446,盛路通信,自选股
SZ002453,华软科技,自选股
SZ002455,百川股份,自选股
SZ002462,嘉事堂,自选股
SZ002465,海格通信,自选股
SZ002466,天齐锂业,自选股
SZ002472,双环传动,自选股
SZ002489,浙江永强,自选股
SZ002493,荣盛石化,自选股
SZ002498,汉缆股份,自选股
SZ002511,中顺洁柔,自选股
SZ002512,ST达华,自选股
SZ002522,浙江众成,自选股
SZ002530,金财互联,自选股
SZ002535,林州重机,自选股
SZ002536,飞龙股份,自选股
SZ002537,海联金汇,自选股
SZ002544,普天科技,自选股
SZ002549,凯美特气,自选股
SZ002553,南方精工,自选股
SZ002554,惠博普,自选股
SZ002555,三七互娱,自选股
SZ002563,森马服饰,自选股
SZ002575,群兴玩具,自选股
SZ002576,通达动力,自选股
SZ002579,中京电子,自选股
SZ002583,海能达,自选股
SZ002584,西陇科学,自选股
SZ002600,领益智造,自选股
SZ002601,龙佰集团,自选股
SZ002607,中公教育,自选股
SZ002611,东方精工,自选股
SZ002612,朗姿股份,自选股
SZ002617,露笑科技,自选股
SZ002623,亚玛顿,自选股
SZ002625,光启技术,自选股
SZ002641,公元股份,自选股
SZ002645,华宏科技,自选股
SZ002664,信质集团,自选股
SZ002681,奋达科技,自选股
SZ002692,远程股份,自选股
SZ002697,红旗连锁,自选股
SZ002708,光洋股份,自选股
SZ002714,牧原股份,自选股
SZ002727,一心堂,自选股
SZ002734,利民股份,自选股
SZ002741,光华科技,自选股
SZ002749,国光股份,自选股
SZ002752,昇兴股份,自选股
SZ002756,永兴材料,自选股
SZ002759,天际股份,自选股
SZ002761,浙江建投,自选股
SZ002765,蓝黛科技,自选股
SZ002790,瑞尔特,自选股
SZ002805,丰元股份,自选股
SZ002810,山东赫达,自选股
SZ002813,路畅科技,自选股
SZ002815,崇达技术,自选股
SZ002824,和胜股份,自选股
SZ002828,贝肯能源,自选股
SZ002829,星网宇达,自选股
SZ002838,道恩股份,自选股
SZ002843,泰嘉股份,自选股
SZ002862,实丰文化,自选股
SZ002866,传艺科技,自选股
SZ002878,元隆雅图,自选股
SZ002886,沃特股份,自选股
SZ002908,德生科技,自选股
SZ002923,润都股份,自选股
SZ002927,泰永长征,自选股
SZ002937,兴瑞科技,自选股
SZ002949,华阳国际,自选股
SZ002955,鸿合科技,自选股
SZ002957,科瑞技术,自选股
SZ002982,湘佳股份,自选股
SZ002987,京北方,自选股
SZ002991,甘源食品,自选股
SZ002993,奥海科技,自选股
SZ003009,中天火箭,自选股
SZ003018,金富科技,自选股
SZ003022,联泓新科,自选股
SZ003023,彩虹集团,自选股
SZ003026,中晶科技,自选股
SZ003027,同兴科技,自选股
SZ003035,南网能源,自选股
SZ003040,楚天龙,自选股
SZ159740,恒生科技ETF大成,自选股
SZ159751,港股通科技ETF鹏华,自选股
SZ159788,港股通100ETF易方达,自选股
SZ159980,有色ETF大成,自选股
SZ300003,乐普医疗,自选股
SZ300005,探路者,自选股
SZ300009,安科生物,自选股
SZ300013,新宁物流,自选股
SZ300014,亿纬锂能,自选股
SZ300016,北陆药业,自选股
SZ300024,机器人,自选股
SZ300025,华星创业,自选股
SZ300031,宝通科技,自选股
SZ300034,钢研高纳,自选股
SZ300035,中科电气,自选股
SZ300037,新宙邦,自选股
SZ300046,台基股份,自选股
SZ300047,天源迪科,自选股
SZ300065,海兰信,自选股
SZ300067,安诺其,自选股
SZ300073,当升科技,自选股
SZ300105,龙源技术,自选股
SZ300113,顺网科技,自选股
SZ300115,长盈精密,自选股
SZ300119,瑞普生物,自选股
SZ300120,经纬辉开,自选股
SZ300124,汇川技术,自选股
SZ300127,银河磁体,自选股
SZ300128,锦富技术,自选股
SZ300129,泰胜风能,自选股
SZ300133,华策影视,自选股
SZ300138,晨光生物,自选股
SZ300161,华中数控,自选股
SZ300166,东方国信,自选股
SZ300174,元力股份,自选股
SZ300193,佳士科技,自选股
SZ300199,翰宇药业,自选股
SZ300215,电科院,自选股
SZ300220,金运激光,自选股
SZ300221,银禧科技,自选股
SZ300222,科大智能,自选股
SZ300223,北京君正,自选股
SZ300224,正海磁材,自选股
SZ300228,富瑞特装,自选股
SZ300240,飞力达,自选股
SZ300251,光线传媒,自选股
SZ300252,金信诺,自选股
SZ300285,国瓷材料,自选股
SZ300288,朗玛信息,自选股
SZ300289,利德曼,自选股
SZ300291,百纳千成,自选股
SZ300293,蓝英装备,自选股
SZ300315,掌趣科技,自选股
SZ300317,珈伟新能,自选股
SZ300342,天银机电,自选股
SZ300346,南大光电,自选股
SZ300360,炬华科技,自选股
SZ300363,博腾股份,自选股
SZ300364,中文在线,自选股
SZ300377,赢时胜,自选股
SZ300380,安硕信息,自选股
SZ300383,光环新网,自选股
SZ300386,飞天诚信,自选股
SZ300387,富邦科技,自选股
SZ300410,正业科技,自选股
SZ300413,芒果超媒,自选股
SZ300416,苏试试验,自选股
SZ300418,昆仑万维,自选股
SZ300424,航新科技,自选股
SZ300433,蓝思科技,自选股
SZ300434,金石亚药,自选股
SZ300438,鹏辉能源,自选股
SZ300443,金雷股份,自选股
SZ300446,航天智造,自选股
SZ300450,先导智能,自选股
SZ300455,航天智装,自选股
SZ300457,赢合科技,自选股
SZ300464,星徽股份,自选股
SZ300467,迅游科技,自选股
SZ300473,德尔股份,自选股
SZ300474,景嘉微,自选股
SZ300479,神思电子,自选股
SZ300480,光力科技,自选股
SZ300483,首华燃气,自选股
SZ300487,蓝晓科技,自选股
SZ300494,盛天网络,自选股
SZ300497,富祥药业,自选股
SZ300499,高澜股份,自选股
SZ300504,天邑股份,自选股
SZ300513,恒实科技,自选股
SZ300530,领湃科技,自选股
SZ300532,今天国际,自选股
SZ300545,联得装备,自选股
SZ300552,万集科技,自选股
SZ300562,乐心医疗,自选股
SZ300568,星源材质,自选股
SZ300569,天能重工,自选股
SZ300579,数字认证,自选股
SZ300581,晨曦航空,自选股
SZ300589,江龙船艇,自选股
SZ300595,欧普康视,自选股
SZ300601,康泰生物,自选股
SZ300607,拓斯达,自选股
SZ300611,美力科技,自选股
SZ300613,富瀚微,自选股
SZ300617,安靠智电,自选股
SZ300620,光库科技,自选股
SZ300622,博士眼镜,自选股
SZ300624,万兴科技,自选股
SZ300628,亿联网络,自选股
SZ300639,凯普生物,自选股
SZ300653,正海生物,自选股
SZ300655,晶瑞电材,自选股
SZ300657,弘信电子,自选股
SZ300658,延江股份,自选股
SZ300662,科锐国际,自选股
SZ300663,科蓝软件,自选股
SZ300666,江丰电子,自选股
SZ300678,中科信息,自选股
SZ300682,朗新科技,自选股
SZ300684,中石科技,自选股
SZ300696,爱乐达,自选股
SZ300697,电工合金,自选股
SZ300699,光威复材,自选股
SZ300700,岱勒新材,自选股
SZ300721,怡达股份,自选股
SZ300724,捷佳伟创,自选股
SZ300726,宏达电子,自选股
SZ300730,科创信息,自选股
SZ300731,科创新源,自选股
SZ300747,锐科激光,自选股
SZ300751,迈为股份,自选股
SZ300753,爱朋医疗,自选股
SZ300758,七彩化学,自选股
SZ300760,迈瑞医疗,自选股
SZ300761,立华股份,自选股
SZ300763,锦浪科技,自选股
SZ300777,中简科技,自选股
SZ300781,因赛集团,自选股
SZ300782,卓胜微,自选股
SZ300789,唐源电气,自选股
SZ300802,矩子科技,自选股
SZ300812,易天股份,自选股
SZ300817,双飞集团,自选股
SZ300818,耐普矿机,自选股
SZ300827,上能电气,自选股
SZ300830,金现代,自选股
SZ300835,龙磁科技,自选股
SZ300839,博汇股份,自选股
SZ300850,新强联,自选股
SZ300852,四会富仕,自选股
SZ300854,中兰环保,自选股
SZ300866,安克创新,自选股
SZ300867,圣元环保,自选股
SZ300871,回盛生物,自选股
SZ300887,谱尼测试,自选股
SZ300911,亿田智能,自选股
SZ300947,德必集团,自选股
SZ300951,博硕科技,自选股
SZ300961,深水海纳,自选股
SZ300965,恒宇信通,自选股
SZ300967,晓鸣股份,自选股
SZ300971,博亚精工,自选股
SZ300973,立高食品,自选股
SZ300979,华利集团,自选股
SZ301013,利和兴,自选股
SZ301016,雷尔伟,自选股
SZ301018,申菱环境,自选股
SZ301035,润丰股份,自选股
SZ301058,中粮科工,自选股
SZ301078,孩子王,自选股
SZ301087,可孚医疗,自选股
SZ301137,哈焊华通,自选股
SZ301152,天力锂能,自选股
SZ301159,三维天地,自选股
SZ301176,逸豪新材,自选股
SZ301177,迪阿股份,自选股
SZ301207,华兰疫苗,自选股
SZ301256,华融化学,自选股
SZ301262,海看股份,自选股
SZ301297,富乐德,自选股
SZ301312,智立方,自选股
SZ301315,威士顿,自选股
SZ301321,翰博高新,自选股
SZ301322,绿通科技,自选股
SZ301323,新莱福,自选股
SZ301363,美好医疗,自选股
SZ301366,一博科技,自选股
SZ301379,天山电子,自选股
SZ301381,赛维时代,自选股
SZ301382,蜂助手,自选股
SZ301396,宏景科技,自选股
SZ301398,星源卓镁,自选股
SZ301439,泓淋电力,自选股
SZ301517,陕西华达,自选股
SZ301606,绿联科技,自选股
SZ301616,浙江华业,自选股
SZ301668,昊创瑞通,自选股
